1677740792741.jpg,down,1405.2417,1131.5177,-719.426,1436.9191,1060.5864,-589.35846,1470.4353,1065.45,-590.09906,1504.4014,1069.4937,-590.8376,1339.4584,1053.2023,-665.4993,1297.279,1050.9125,-665.94824,1255.0682,1049.2234,-666.131,1499.504,1145.7242,-70.172585,1161.2584,1118.3926,-386.65247,1436.381,1259.7805,-537.3054,1306.9335,1250.3027,-627.80774,1635.1595,1605.0258,245.83015,891.45825,1595.2255,-224.7804,1957.4814,2196.2441,-66.60544,836.6078,2251.5637,-184.74786,1708.6244,1726.4233,-609.1347,1290.6534,1805.3295,250.31029,1620.483,1622.1709,-665.5576,1458.6777,1745.0352,365.46228,1616.7683,1489.804,-517.9827,1412.9819,1586.2529,410.95148,1597.5518,1554.0404,-562.74603,1383.6251,1631.2933,303.71478,1476.9705,2481.528,125.19147,1022.329,2508.565,-126.42847,1860.3126,2717.2693,-808.041,706.2857,2776.1895,-1644.2394,1701.0336,3229.251,89.44868,910.09375,3316.6848,-407.1198,1574.4331,3326.861,160.60277,1006.7714,3406.042,-295.17056,1993.8834,3546.89,-200.53822,741.63525,3635.7732,-734.19855
1677740792750.jpg,down,1530.447,912.0915,-656.3097,1555.0239,840.7371,-508.1178,1588.3585,845.35443,-508.88422,1622.286,849.0846,-509.97653,1454.4597,835.44836,-597.2304,1410.2244,834.4587,-597.5656,1365.9932,834.23553,-597.903,1612.8021,929.32007,81.436775,1262.8723,911.09766,-295.2954,1562.4324,1047.4203,-451.0096,1429.401,1040.1832,-558.95874,1785.0752,1431.4358,351.10666,973.3485,1414.8698,-166.45082,2187.8328,2023.6089,15.326798,961.10443,2103.5676,-115.967545,1907.3916,1543.0604,-554.0563,1464.9454,1629.3538,386.2625,1812.0934,1438.2769,-616.9614,1649.9248,1573.654,510.59018,1795.0822,1302.3945,-466.71576,1603.598,1402.3129,540.15857,1778.0787,1373.3933,-507.86502,1567.6262,1452.4182,443.08948,1610.67,2441.5586,142.30327,1105.2623,2465.59,-143.1499,2066.2808,2579.877,-948.0898,797.7451,2565.495,-1897.13,1835.3986,3089.4663,212.99529,992.77435,3236.182,-601.1335,1696.7175,3185.7883,320.92493,1086.1721,3342.0623,-480.91394,2143.9766,3413.8027,59.93006,849.779,3601.4236,-972.3772
1677740792759.jpg,down,1362.5338,1005.4512,-704.10425,1435.895,926.3576,-608.7613,1477.5453,926.7837,-608.5877,1519.633,926.68726,-608.7891,1331.6187,934.2735,-577.6467,1295.8148,938.3302,-577.98303,1260.068,943.2745,-578.3908,1613.5199,1010.0852,-197.1802,1266.1306,1026.5402,-46.30394,1463.039,1137.6132,-568.7615,1325.2224,1144.2184,-521.8565,1868.162,1538.5458,-19.71312,1094.7218,1505.6499,71.32641,1992.0548,2214.3315,-223.13498,727.04144,2123.8433,-248.90884,1483.1471,1718.3281,-505.0727,1088.8832,1661.6187,-639.7518,1329.0094,1621.8491,-523.52203,1213.3497,1577.5009,-641.6561,1369.1873,1489.456,-447.00748,1208.7692,1451.4385,-527.3454,1402.4478,1549.047,-459.4905,1204.6448,1518.6101,-581.5089,1740.4012,2469.2466,-25.69682,1264.4761,2445.8413,25.328241,1958.9774,2559.879,-1532.1274,756.54443,2410.064,-1211.1066,1846.2906,3112.5044,-441.5547,1124.8741,3033.719,-246.64796,1791.7496,3207.1533,-331.70163,1274.6626,3120.843,-152.95078,1982.5011,3423.612,-648.6283,917.48096,3435.8774,-380.69153
1677740792770.jpg,down,1306.9735,1105.9181,-760.9852,1333.5168,1037.7351,-632.8134,1363.8298,1041.9243,-633.2854,1394.7122,1045.3306,-633.9307,1243.1655,1031.7451,-710.70874,1203.6763,1029.7394,-711.1996,1164.1442,1028.2767,-711.57434,1384.3485,1110.2681,-106.99024,1071.9246,1087.2046,-436.59973,1333.6799,1222.5367,-575.259,1214.2251,1214.4475,-669.78125,1521.4194,1533.28,180.89592,808.367,1538.8274,-287.3924,1848.9628,2101.374,-147.09398,737.2408,2179.9111,-351.35165,1545.197,1663.2534,-637.931,1192.6028,1767.4813,120.342445,1431.881,1573.8617,-675.3532,1358.325,1710.4885,242.04591,1431.7731,1440.5106,-519.8131,1313.2029,1560.4799,324.74323,1424.8721,1500.5944,-576.3012,1282.7935,1604.3496,194.33362,1396.7753,2394.1106,143.47952,954.13513,2435.53,-144.42667,1797.6783,2685.9216,-782.8846,728.7346,2774.8113,-1662.2079,1653.0896,3119.3218,243.0699,966.8746,3274.6187,-395.37637,1545.5822,3193.5984,327.50327,1049.4758,3340.8965,-284.42538,1907.0878,3419.419,-8.752236,886.54895,3593.1448,-754.06757
1677740792782.jpg,down,1632.0825,1133.0568,-682.7424,1669.6823,1067.9824,-553.2363,1700.9395,1076.8062,-553.78577,1732.734,1084.9061,-554.7774,1577.2213,1048.7998,-626.96893,1537.1967,1041.5375,-627.6151,1497.058,1034.8164,-627.9411,1719.7651,1155.5024,-30.923447,1399.4308,1089.1189,-340.2922,1649.1505,1259.2441,-500.81442,1525.4231,1234.1248,-589.66284,1815.1215,1616.0206,244.82216,1087.6085,1528.7224,-216.25117,2153.7737,2173.6624,-30.87152,1028.1488,2176.0906,-290.37756,1912.4021,1696.5012,-403.78113,1529.5293,1778.9857,20.050013,1819.433,1596.5583,-432.3199,1704.1083,1733.0199,117.34878,1813.2203,1471.1462,-271.7176,1674.1622,1573.6826,161.39743,1797.7915,1532.1146,-348.40256,1636.7778,1619.1804,69.95942,1582.2235,2486.0708,133.38963,1127.4651,2475.4788,-134.69687,1975.1976,2768.5984,-639.87354,896.48114,2747.861,-1494.4744,1786.9336,3218.5386,258.01,1086.7094,3320.5874,-480.22095,1666.7103,3283.1667,335.06348,1156.894,3396.6497,-386.64304,2024.9684,3553.4456,44.53804,1001.77325,3646.5974,-849.8919
1677740792796.jpg,down,1451.2076,1051.1821,-1820.8134,1462.8278,985.5409,-1646.3693,1488.8608,992.9138,-1646.5394,1515.5334,999.81354,-1646.8225,1378.8727,970.5119,-1768.8378,1339.0481,964.47864,-1768.8751,1299.1378,959.184,-1768.9027,1470.616,1061.6445,-860.2028,1177.9497,1008.963,-1384.7275,1456.0549,1164.5273,-1544.3743,1337.14,1142.4717,-1688.2406,1544.4454,1502.6722,-462.30392,831.91315,1490.9227,-1301.5624,1902.467,2013.7634,-1206.571,891.0545,2244.8308,-1580.7529,1857.0742,1654.5154,-2489.682,1441.5228,1821.1105,-1574.0515,1870.3359,1569.332,-2691.79,1627.7007,1757.1547,-1615.6135,1815.0992,1469.181,-2575.5608,1582.6879,1591.7904,-1560.5575,1774.3544,1518.5662,-2484.4023,1537.8315,1635.4531,-1528.2231,1242.9377,2343.165,251.1809,802.8576,2366.487,-252.16844,1740.864,2575.196,-854.8346,836.4526,2491.5752,-2456.1462,1443.4524,2954.9392,770.1305,828.6669,3285.9915,-1078.2776,1335.0092,2984.9248,917.5482,815.20514,3371.209,-957.7345,1576.8231,3279.8853,601.00757,900.1977,3667.8652,-1704.6565
1677740792809.jpg,down,1589.3517,1162.829,-1785.4075,1577.3506,1106.077,-1599.6652,1596.2946,1112.9913,-1599.9609,1616.0074,1119.6498,-1600.4933,1504.1918,1093.6698,-1752.1377,1467.3699,1089.7979,-1752.0386,1430.6737,1086.5505,-1752.5248,1547.1273,1179.5731,-809.89777,1299.4237,1135.3151,-1479.2157,1578.8176,1270.9741,-1505.6754,1482.3207,1254.1368,-1693.202,1576.4447,1617.11,-383.58115,953.58844,1603.291,-1504.2904,1841.4224,2130.0408,-1306.9487,1084.3129,2299.2808,-1936.4124,1934.5315,1803.0844,-2783.0273,1610.9795,1893.9991,-2137.0308,1997.6434,1708.3506,-2975.873,1779.8337,1823.8566,-2249.552,1942.709,1625.587,-2875.268,1739.0123,1684.1184,-2178.2913,1881.1632,1678.4315,-2788.6016,1691.5969,1732.0929,-2094.9128,1222.8741,2426.9146,379.4281,811.0024,2476.9785,-380.02713,1718.7214,2638.9097,-169.26768,1100.9131,2755.3813,-2437.8289,1461.1046,3163.3313,1124.892,904.8331,3467.9216,-1291.3464,1322.6,3243.4521,1239.4667,817.55914,3555.8416,-1203.22,1690.9747,3451.265,974.72986,1067.8966,3771.9897,-1917.4452
1677740792823.jpg,down,1813.1696,1216.7808,-1565.5903,1789.261,1160.7192,-1379.6788,1804.4958,1166.9115,-1379.998,1820.558,1172.94,-1380.2992,1722.9647,1149.7714,-1551.6946,1688.4683,1146.6215,-1551.817,1654.0359,1144.1151,-1552.2758,1740.6505,1228.859,-609.66077,1520.0642,1190.2438,-1351.6804,1796.8417,1319.2197,-1291.5135,1712.2919,1305.7225,-1501.1648,1741.1991,1635.3882,-127.11326,1207.9034,1653.0806,-1454.0476,2035.809,2140.1526,-912.59595,1464.9371,2367.82,-1574.5527,2154.762,1828.0399,-2297.5369,1909.316,1934.1863,-1191.3478,2236.3208,1737.1699,-2485.8462,2047.8135,1835.5513,-1252.1544,2163.4517,1660.9772,-2411.4246,1985.4031,1731.2787,-1211.5155,2100.8154,1717.0305,-2318.6711,1941.2845,1782.65,-1152.3162,1350.0936,2470.2832,441.03616,976.49054,2555.8762,-440.97443,1941.9884,2589.4756,32.14198,1373.2991,2857.7507,-2450.086,1652.228,3153.607,1276.1865,1145.9546,3590.5542,-1385.9532,1502.3961,3247.9968,1395.2255,1053.8759,3685.7764,-1299.8425,1906.7738,3440.826,1281.7366,1301.2063,3879.3765,-1933.3102
1677740792839.jpg,down,1634.0347,1044.4045,-749.6988,1601.5758,974.0623,-659.39935,1603.4312,976.7457,-659.37103,1606.0186,979.8187,-659.9789,1573.8312,970.1259,-824.86884,1551.508,966.8089,-825.3356,1529.4438,964.40936,-825.7851,1498.5052,1015.595,-229.7453,1394.2096,992.0747,-946.06494,1584.417,1127.6556,-583.4341,1542.8247,1120.7996,-787.8894,1307.4866,1386.6074,178.34697,1146.074,1416.5022,-1110.9489,1672.8512,1753.6042,-183.36932,1563.7576,1943.2725,-1000.4765,1824.893,1447.9081,-938.50635,1852.6561,1492.3828,-262.87686,1879.3456,1356.8488,-996.31555,1962.4534,1388.0488,-270.9846,1822.9849,1290.0823,-970.4994,1872.6569,1313.9961,-304.45596,1789.6986,1343.935,-966.2824,1810.5916,1349.786,-251.56383,821.2114,2248.736,457.5888,677.24023,2338.1787,-454.35162,1595.7958,2238.5996,941.49097,1456.564,2536.325,-823.1681,1280.0792,2818.4365,1455.8164,1043.0776,3162.8157,-302.81003,1138.4414,2892.621,1520.1078,871.8897,3215.0876,-227.50615,1479.7881,2999.0417,1794.356,1306.9662,3419.652,-112.77663
1677740792849.jpg,down,1708.06,1253.3396,-550.1271,1696.7283,1172.1135,-489.6191,1691.3237,1169.225,-489.61453,1686.3124,1166.4692,-490.52164,1684.6293,1176.7384,-635.9508,1669.3684,1173.2611,-636.4261,1653.8617,1170.4265,-636.6473,1576.6278,1177.4781,-131.60234,1532.9266,1177.7986,-788.51544,1639.5729,1323.9479,-398.0961,1620.5891,1323.9,-584.69446,1224.4332,1442.0203,478.77975,1296.9167,1607.7339,-1046.4044,1620.1464,1891.0153,1071.0137,1731.8884,2115.6548,-846.22034,1849.656,1647.5818,1657.2225,1907.2802,1674.284,-88.74714,1936.672,1563.0095,1743.0399,1999.9286,1570.4677,-224.32103,1878.3878,1532.1832,1791.8939,1917.0369,1500.8207,-343.27118,1831.3651,1583.8796,1667.9393,1848.6028,1545.0625,-123.66154,670.35394,2386.9292,495.8893,653.4524,2538.1003,-494.3009,1472.3488,2424.0686,1133.4858,1499.5328,2729.9548,-436.20328,1177.8501,3138.9404,2050.8264,1193.1912,3423.555,371.00467,1044.7509,3232.553,2160.4333,1057.8259,3492.8333,480.8488,1372.5002,3377.7886,2419.6897,1440.7661,3676.2205,672.7982
1677740792863.jpg,down,2100.0623,1195.9463,-1402.3195,2076.3638,1070.3495,-1367.833,2083.6875,1063.764,-1368.5037,2092.1125,1058.1873,-1369.3174,2029.9462,1084.2303,-1528.0933,1998.1073,1086.2865,-1530.0308,1966.3514,1088.9156,-1531.0413,1961.1772,1073.7367,-995.7193,1794.7351,1106.0562,-1703.4116,2040.9536,1284.7793,-1233.3171,1975.4572,1299.5583,-1432.8379,1697.4614,1367.8069,-470.92175,1379.2765,1671.4471,-1641.656,2047.1603,1979.692,-780.89716,1684.8611,2549.081,-1355.3375,2352.7185,1778.675,-1925.1348,2241.4373,1977.4124,-843.1665,2477.2563,1687.8295,-2087.6843,2430.3792,1880.782,-983.7666,2431.9136,1618.932,-2078.0134,2337.6667,1715.1935,-994.9317,2353.9722,1686.9064,-1964.2065,2256.627,1744.5638,-853.4002,1009.0883,2303.6787,472.5499,774.77234,2534.7563,-463.77286,1681.9996,2410.6814,1409.1967,1479.7357,2968.6228,-678.1481,1384.5647,2933.7769,2706.3975,1117.7947,3473.5928,366.07098,1218.1858,3017.0356,2834.1863,955.6053,3523.032,485.285,1699.1222,3163.7625,3142.0205,1433.1266,3782.5208,482.343
1677740792874.jpg,down,1942.0227,1071.8092,-750.4768,1923.0098,978.66187,-729.9592,1917.1274,976.26935,-730.2538,1911.4899,974.1031,-731.0696,1911.943,984.46344,-867.0569,1895.8154,983.6278,-868.1905,1879.5939,983.4368,-868.63104,1783.9812,999.0896,-479.26837,1740.5155,1007.578,-1107.3522,1864.3995,1162.612,-626.3754,1847.0925,1164.2471,-803.7258,1406.6764,1309.6266,60.401127,1493.9679,1554.5009,-1216.0052,1857.1279,1857.6147,622.0498,1937.4148,2196.9773,-862.8154,2152.3003,1540.0366,823.3726,2164.2695,1739.5374,-94.75462,2250.4622,1394.3859,778.5568,2273.728,1618.9565,-236.10742,2216.2224,1361.3638,802.8407,2177.3755,1516.7772,-360.30783,2165.1667,1452.1472,813.1348,2110.9924,1570.0729,-140.00737,948.5017,2369.7485,452.3662,967.8069,2572.2932,-450.23798,1619.1943,2299.6824,1593.5485,1750.6465,2685.1035,-189.38333,1386.7228,2782.6294,2874.3096,1463.1696,3233.204,924.6374,1268.6688,2861.228,3015.575,1337.6628,3290.1167,1069.9144,1593.8544,2884.559,3383.3564,1694.7786,3395.9106,1373.1755
1677740792889.jpg,down,2008.2712,1095.7573,-1094.9897,1965.8607,990.24664,-1060.0164,1961.8835,983.4646,-1060.5272,1958.5193,977.4045,-1061.4514,1947.0415,1010.8696,-1226.743,1925.5289,1017.08136,-1227.467,1904.3534,1023.8596,-1228.1337,1823.0176,1011.10626,-697.2385,1751.8977,1064.1399,-1430.582,1944.0276,1185.4458,-924.4301,1916.4952,1207.3345,-1132.1599,1501.184,1324.0088,-152.09538,1553.0294,1660.9283,-1441.3503,1899.7635,1947.222,-143.8665,2039.4934,2340.4556,-1039.5872,2182.1907,1749.3104,-787.1471,2307.0266,1753.2911,-246.76299,2282.986,1627.1272,-875.634,2433.1003,1605.7725,-382.63828,2244.2483,1577.5311,-902.36255,2316.6235,1492.8567,-413.85712,2197.0093,1658.4465,-834.8475,2235.5293,1540.7354,-255.95975,1044.9286,2400.6729,452.44345,1046.211,2654.311,-448.1645,1772.4698,2393.3184,1538.6086,1898.1936,2768.0886,-80.517136,1441.868,2909.7131,2811.8357,1467.9724,3282.9517,1109.0747,1288.514,2989.3022,2961.5308,1315.0172,3335.22,1263.7019,1692.9315,3060.8005,3388.8467,1674.1311,3467.3767,1584.1869
1677740792904.jpg,down,1814.6714,1157.3878,-171.79326,1801.1119,1064.7343,-224.48695,1785.067,1054.4005,-224.4438,1769.2882,1044.9412,-225.24876,1819.686,1088.061,-332.19806,1818.2391,1092.2474,-332.3294,1816.7487,1097.4585,-332.2127,1653.1259,1065.4639,-264.53702,1723.0403,1133.3108,-762.3575,1727.2947,1239.5276,-152.94313,1746.0369,1260.5244,-289.74908,1137.4978,1338.8098,172.52802,1620.843,1753.4651,-1029.4819,1457.2443,1757.418,900.27576,1973.8142,2231.4277,-577.07367,1872.7169,1600.9547,1607.3989,2066.1958,1703.154,501.67636,1979.8147,1523.6545,1670.9144,2151.4668,1575.7874,413.50793,1952.0897,1521.6155,1681.429,2069.4502,1490.7643,349.34784,1915.5128,1578.2832,1610.8464,2004.9108,1547.7123,483.6383,647.12756,2681.0637,406.75632,865.0858,2970.2888,-404.22464,1355.4575,2512.1426,1876.8418,1823.9332,2924.6045,354.5939,1103.6807,3220.0017,3027.2358,1371.3754,3467.7517,1662.858,975.8398,3332.8137,3157.0942,1226.967,3541.824,1834.3293,1311.8586,3348.9194,3580.4033,1546.3776,3558.3845,2362.3682
1677740792922.jpg,down,1956.4526,1130.4042,201.96817,1952.1808,1034.6665,98.113235,1937.187,1021.5268,98.117165,1922.4913,1009.4228,97.38614,1971.3177,1064.3882,14.347853,1972.0205,1071.1947,13.831571,1972.3871,1078.9608,14.019317,1825.3245,1028.4534,-165.58089,1894.7704,1119.3562,-548.2457,1877.5482,1207.8348,142.65112,1898.6372,1238.0096,39.617092,1353.3329,1290.7255,181.61478,1765.886,1714.4877,-856.3985,1649.1108,1623.0568,990.45825,2204.095,2211.6829,-541.12006,2101.3105,1502.1497,1514.4377,2286.082,1684.5459,337.00833,2230.9707,1435.3085,1532.184,2371.2896,1571.7479,246.67575,2205.724,1446.0568,1511.2932,2287.9153,1489.4569,172.35782,2152.016,1502.9246,1501.2682,2226.1665,1530.2946,306.69702,832.4979,2612.0825,384.75082,1018.9937,2888.0383,-381.77686,1541.6947,2530.4106,1814.2244,2032.745,2948.738,388.3339,1310.272,3121.5137,2974.615,1632.0563,3407.9893,1790.9176,1194.9702,3223.86,3108.793,1503.8894,3484.1912,1960.9691,1475.0853,3213.0007,3501.7874,1818.9933,3474.535,2442.6816
1677740792939.jpg,down,1513.7202,614.1126,160.6432,1496.611,549.13055,-27.828833,1479.3369,552.7046,-27.37134,1462.824,556.6864,-27.978071,1553.7212,540.1799,-11.154583,1574.745,536.7572,-9.603537,1596.1533,534.2556,-8.904914,1447.9872,633.88696,-618.2906,1635.5626,596.6934,-519.5126,1496.048,713.7351,-6.9819884,1542.0762,700.3898,23.771547,1164.2832,1161.0912,-749.9423,1977.9639,1118.463,-558.0105,1083.339,1802.737,-53.046555,2009.4697,1738.7328,101.343666,1258.318,1942.1509,950.6244,1779.1146,1762.0082,1288.6289,1256.4065,1982.4314,1050.7504,1755.3257,1760.6271,1424.8605,1302.6361,1936.1602,1040.0195,1685.1323,1737.3032,1443.4426,1330.9193,1926.7628,972.3039,1676.9954,1745.5728,1317.7421,1245.1261,2407.7483,-11.784996,1723.7603,2412.3987,16.269121,1179.503,2751.816,1677.6447,1895.305,2762.8762,1324.1294,1204.7977,3177.1694,2313.6216,1846.7284,3210.358,1849.6776,1223.8503,3317.234,2385.8657,1834.9961,3342.024,1917.4629,1153.8647,3051.9246,2776.895,1816.52,3146.1802,2317.1052
1677740792954.jpg,down,1509.2233,654.3286,96.491684,1485.3599,583.4484,-110.28328,1465.2375,586.90405,-109.966156,1445.9641,590.8246,-111.01409,1546.3268,574.3577,-97.28735,1567.893,570.7302,-96.40866,1589.8193,567.8942,-95.72314,1420.756,668.48315,-744.10144,1626.6959,630.97046,-668.272,1484.8212,760.7107,-84.551994,1540.0259,747.4253,-60.52725,1116.8099,1210.0134,-888.19556,1965.3152,1187.7842,-661.786,1015.4802,1880.0962,-210.78488,1996.5852,1879.5471,-56.740578,1224.9204,2036.2048,770.7898,1761.2622,2028.4066,891.4345,1225.8916,2074.1843,844.1924,1740.2162,2057.5808,975.9473,1286.9475,2028.0786,827.8276,1661.4901,2043.2091,952.2865,1313.9076,2024.7745,784.5557,1650.2769,2042.6398,895.0126,1278.5178,2578.728,-31.297155,1767.1912,2575.9768,35.822342,1104.3313,2877.7754,1751.989,1855.7758,2781.589,1700.7462,1161.6007,3286.5989,2438.502,1786.088,3197.6765,2499.555,1192.8958,3426.8047,2516.6543,1783.8774,3342.4312,2582.5632,1113.0067,3163.7964,2784.1611,1735.0693,3097.6416,2920.3528
1677740792970.jpg,down,1571.4719,724.56586,465.54846,1556.2856,645.76807,221.415,1541.2538,646.43774,221.35803,1527.1676,647.5231,220.91791,1609.9543,643.0633,284.9438,1632.4199,641.2394,284.8012,1655.5338,640.13885,284.37778,1534.9456,698.97974,-492.17993,1723.2426,685.82776,-197.45482,1572.1635,809.42523,260.62396,1623.4292,804.1872,347.7418,1332.8563,1174.7106,-639.74927,2120.2236,1155.1954,-131.84715,1077.0122,1528.4655,14.007142,2134.9446,1764.837,109.39966,1184.542,1266.7163,976.6009,1850.7904,2070.347,315.1659,1165.938,1186.8336,1005.64374,1793.9362,2153.9531,390.4532,1238.5066,1142.3732,997.1958,1759.105,2146.855,336.43454,1282.5557,1179.323,977.96265,1766.9708,2120.0527,300.99045,1634.8025,2478.63,-153.25328,2083.0686,2449.1865,157.6776,1201.9318,2677.8938,1153.0631,2105.9248,2514.678,1357.5007,1320.7018,3217.6929,1035.1295,1988.2472,3094.6802,1482.5557,1400.1902,3364.0247,1031.4756,2020.1349,3234.8384,1494.3453,1150.6461,3165.4187,1351.0773,1801.7627,3101.971,1945.8041
1677740792986.jpg,down,1350.8701,1032.2969,496.45685,1346.4836,957.6155,246.10153,1335.7963,962.16724,245.48439,1325.8951,967.1253,244.40105,1393.6099,943.4502,326.7231,1415.2247,937.2475,327.33957,1437.4082,931.8885,326.92114,1355.3105,1026.4976,-452.7369,1514.0153,973.4408,-97.089554,1362.8903,1123.947,296.24774,1404.5758,1106.8016,402.88004,1250.9569,1531.1143,-630.3913,1881.6534,1377.3268,165.93742,1016.3683,1920.6223,21.521317,1710.2524,1740.7795,844.9924,1039.5217,1550.6873,1188.2347,1240.1683,1608.6425,1304.379,1001.5367,1448.6901,1233.3726,1145.2848,1560.5596,1405.9581,1075.8734,1392.7361,1248.3962,1091.4569,1549.3315,1340.8031,1119.0995,1433.1599,1201.1161,1119.2019,1581.3549,1279.3207,1659.7937,2745.7427,-260.11423,2036.2546,2659.2783,264.44388,984.07153,2725.5105,903.1817,1818.3524,2447.93,1471.1077,1259.7125,3437.2432,932.6156,1836.2814,3200.0022,1827.6473,1393.7268,3582.6907,953.9751,1914.4705,3350.163,1870.367,1033.5438,3481.0725,1297.5356,1626.9783,3274.604,2359.9744
1677740793003.jpg,down,1435.5858,1028.3053,254.38828,1446.214,944.661,48.081512,1448.063,946.3053,48.255627,1450.633,948.1404,47.99,1468.2528,929.536,185.27988,1483.5074,920.6289,185.42473,1499.7804,912.3669,185.30423,1526.38,972.2235,-450.91165,1597.7601,916.3282,155.0562,1485.8289,1108.7488,110.02733,1505.0054,1091.2626,288.2215,1528.5298,1441.1267,-667.10236,1991.6133,1260.6361,589.04266,1179.7151,1803.093,-488.7797,1696.5338,1603.6699,1259.4951,1225.3159,1421.6417,271.05432,1347.4259,1406.759,1546.6045,1188.6266,1311.6924,209.4366,1263.887,1329.4904,1597.2559,1288.6449,1283.7874,198.35991,1252.9849,1316.6237,1567.0232,1329.7695,1327.4961,266.41367,1276.5723,1364.5784,1519.867,2064.9502,2591.7046,-409.33554,2328.2288,2470.2598,414.78906,1268.6254,2698.9675,46.254295,1777.7229,2429.3862,1340.6935,1573.085,3518.9187,-87.73753,2013.7317,3160.1123,1456.099,1734.8416,3652.0415,-74.01108,2146.8557,3268.9634,1472.4229,1298.2783,3645.004,234.26532,1799.829,3314.1094,1816.2979
1677740793019.jpg,down,1145.7716,981.3882,299.3845,1144.3947,896.0291,83.695625,1143.5018,895.2372,83.59071,1143.4043,894.4633,83.14576,1171.1514,886.9066,219.93053,1187.4666,879.9298,220.66267,1204.7643,873.5976,220.73592,1211.0061,913.2817,-443.04846,1299.4777,877.352,167.53012,1193.5957,1053.2094,151.81659,1217.9175,1043.5791,331.7717,1212.0822,1365.97,-679.49207,1740.1162,1189.3309,626.79364,922.1565,1752.1686,-430.58292,1463.9374,1549.1901,1423.4036,966.0904,1396.0981,468.4698,1051.5721,1413.4779,1869.6127,929.894,1294.261,437.18692,950.69183,1362.4775,1941.4884,1017.89374,1260.1073,429.25574,940.94617,1349.6538,1903.0103,1060.693,1298.6367,470.69473,970.2985,1386.2177,1841.8198,1804.4751,2509.1853,-416.3598,2115.0015,2404.4766,421.1179,1046.9487,2710.586,133.66905,1723.4484,2407.4292,1374.4924,1411.0834,3475.3413,-55.57018,1959.4847,3094.9834,1502.1299,1576.5635,3598.4727,-45.436607,2084.992,3199.6794,1522.2194,1173.4507,3618.0586,280.06366,1784.3962,3253.2126,1884.1929
1677740793035.jpg,down,1101.3326,1235.4943,-57.592167,1121.9838,1154.0529,-252.61885,1128.5394,1154.3147,-252.39641,1135.7578,1154.5217,-252.62755,1134.7615,1141.0154,-65.998886,1147.8406,1132.9673,-65.0816,1161.6941,1125.6245,-64.70382,1242.1091,1177.2086,-739.39374,1277.8981,1134.2906,103.16405,1171.817,1314.6147,-205.49715,1178.032,1301.1812,40.874157,1389.8173,1615.2163,-1076.914,1582.1167,1459.6183,663.24146,1016.8502,1985.6272,-774.43536,1255.4133,1781.6703,1267.2458,849.9175,1585.4653,78.15785,968.9919,1550.38,1420.3329,771.3608,1506.7899,0.17169496,901.22217,1501.3643,1481.6776,870.4036,1460.3159,-75.82058,926.70374,1465.8802,1503.8325,929.71606,1486.6423,62.562866,954.308,1494.5627,1416.3792,1925.4133,2492.2034,-564.45526,1995.1492,2354.522,568.9343,1202.1145,2833.4858,-426.16858,1372.7864,2572.926,1147.2615,1558.0911,3450.9973,-38.68763,1727.5208,3191.1702,1480.9069,1715.9813,3538.8074,13.23301,1871.5592,3280.1887,1514.9115,1281.7537,3641.9785,171.55945,1521.6919,3384.8906,1720.0282
1677740793053.jpg,down,979.9578,1148.481,-148.26169,999.4769,1070.485,-336.30774,1005.6267,1071.0582,-335.77747,1012.4971,1071.5363,-335.91855,1011.31195,1059.2087,-152.39496,1023.0847,1052.458,-151.4232,1035.6564,1046.3942,-150.9521,1109.0176,1097.2032,-775.39435,1141.9371,1060.1617,57.45161,1043.9939,1228.5481,-277.17633,1049.3135,1216.2064,-34.34911,1246.8708,1531.7654,-1145.3204,1395.5612,1389.4133,639.7968,891.8254,1914.4457,-839.78326,1029.365,1724.6785,1014.73083,785.8029,1546.1086,115.4285,836.3284,1506.2484,846.2537,730.2448,1468.6813,54.731308,789.42505,1471.2947,883.7077,829.48065,1433.8524,-32.85546,833.31256,1424.9468,912.2312,882.63873,1460.9807,101.87028,853.3302,1452.1469,842.9653,1790.8253,2458.277,-597.59717,1835.664,2323.6428,601.9165,1077.6345,2805.1116,-569.19696,1194.0667,2561.9185,1151.6329,1403.5332,3400.847,-230.27744,1545.1433,3133.8455,1562.4716,1564.4075,3493.1504,-189.07712,1691.9598,3222.0664,1604.5898,1095.9766,3579.2007,-89.561935,1305.775,3317.9211,1794.1698
1677740793070.jpg,down,843.6587,1082.162,-1417.0591,925.20715,998.3633,-1461.6422,960.9792,999.6198,-1461.4921,996.8646,1000.3562,-1461.7769,852.8056,992.94916,-1337.2865,831.10046,989.4209,-1336.783,809.9793,986.6387,-1336.733,1123.576,1044.7819,-1331.7343,875.15533,1026.5713,-813.8703,947.48865,1191.8981,-1355.958,847.6683,1182.0322,-1205.4376,1397.7299,1484.2026,-1620.8088,934.61993,1405.802,-417.72894,1044.6897,1970.7098,-1688.0851,648.57086,1756.2081,-897.14136,578.153,1647.7744,-1379.5374,363.46213,1605.0962,-1994.731,457.2386,1595.8922,-1533.0721,265.16058,1586.5619,-2188.8162,512.8148,1513.198,-1549.1023,312.92896,1520.3435,-2189.797,572.1851,1527.7582,-1384.8652,370.43524,1540.1382,-2042.7522,1809.0112,2376.3794,-398.91766,1507.899,2301.3818,404.487,1329.8461,2703.23,-1340.0153,781.4761,2398.631,259.09842,1531.0082,3391.613,-995.53815,1043.6913,2892.8655,842.6416,1656.0143,3480.3071,-966.67017,1171.1553,2958.7434,904.6866,1250.9366,3698.8345,-1386.839,829.3199,3107.0107,787.38446
1677740793087.jpg,down,1012.71,1236.4015,-973.3791,1089.464,1153.0481,-1024.7859,1120.1578,1152.9446,-1024.3269,1151.1166,1152.581,-1024.341,1034.3392,1153.0029,-869.7608,1019.4118,1151.9999,-869.6102,1004.97046,1151.6802,-870.1351,1281.2804,1197.7361,-995.43384,1094.0886,1191.2462,-325.9856,1114.6052,1327.8408,-959.3027,1029.6135,1325.9967,-763.7954,1563.6931,1641.2008,-1320.604,1169.5463,1577.7438,91.62389,1230.5371,2191.306,-1168.1118,894.9839,2018.796,-407.92462,850.97876,1670.7148,-544.88684,738.4396,1658.4923,-1568.5122,726.82605,1582.7083,-623.6828,677.63776,1581.7692,-1717.2135,825.0409,1502.5153,-661.56464,725.6839,1504.9181,-1644.9786,888.4278,1527.8636,-538.2358,777.2162,1537.1597,-1581.5643,1877.4928,2571.4084,-438.1231,1617.1837,2479.5217,441.70685,1341.7211,2807.7388,-1053.1211,806.3317,2501.5066,296.50275,1591.799,3426.6501,-567.7547,904.3587,3038.4536,815.58575,1727.7463,3498.7832,-519.3716,1007.84216,3124.9485,872.7916,1336.0236,3724.145,-740.1019,621.57715,3237.654,909.2965
1677740793103.jpg,down,1099.4932,954.56824,-672.06274,1159.1326,865.3965,-758.62036,1184.158,861.3192,-757.97284,1209.6821,857.0175,-758.2836,1119.4354,870.6679,-591.0468,1111.3701,870.3078,-590.9371,1103.8678,870.6734,-590.95447,1339.4304,883.4746,-806.8856,1203.9092,896.15405,-56.011147,1200.187,1033.2672,-674.8209,1137.8636,1038.9777,-457.25925,1557.3739,1325.4973,-1155.3713,1403.1072,1291.124,582.2015,1134.7167,1829.9641,-789.2952,984.6198,1733.4935,309.7925,946.5314,1397.7831,140.38785,897.2206,1374.4362,-581.885,862.73474,1305.9364,55.951607,855.8771,1305.775,-687.23706,948.9951,1257.658,-52.559875,920.57776,1229.7622,-607.02563,1003.45245,1292.7992,119.6914,960.211,1267.2877,-584.1223,2013.8666,2370.8445,-574.0403,1894.6957,2279.3794,577.32776,1273.396,2853.5442,-650.81274,1310.1565,2666.247,708.9767,1649.6987,3542.3074,22.967573,1628.8563,3393.6982,925.53076,1821.0701,3626.2803,100.60443,1785.179,3501.249,943.6719,1357.7993,3800.553,173.35512,1336.7401,3662.34,1010.4562
1677740793122.jpg,down,978.80743,1080.1946,-456.99902,1027.3417,999.9981,-555.7394,1047.8463,998.37244,-554.77704,1068.696,996.493,-554.9629,998.68494,1000.64624,-387.6772,994.99396,999.26056,-387.3731,991.95807,998.57495,-387.3774,1187.2128,1030.2736,-724.59607,1084.2341,1030.5345,11.287175,1068.6774,1162.9452,-502.97916,1020.7043,1164.039,-289.52115,1420.8895,1437.5585,-1193.8827,1220.6444,1396.0447,526.3546,1026.6796,1804.9882,-1084.9479,749.3241,1673.3567,362.9432,796.09296,1522.2823,-217.30264,657.1938,1463.8938,-493.5559,722.26697,1470.3939,-298.45422,636.8553,1440.2402,-603.51917,799.4731,1411.2593,-358.22662,705.29443,1365.9462,-591.12866,842.3908,1430.383,-223.28024,729.1721,1394.1228,-519.67615,1964.7697,2384.1238,-579.28864,1803.3873,2314.7754,583.06085,1268.4371,2995.0745,-718.89044,1189.5074,2737.1428,637.6986,1607.9614,3678.1816,-166.41643,1578.5995,3442.5437,981.04083,1761.3231,3754.4026,-117.23289,1724.3423,3534.5042,999.8485,1322.6638,3979.2456,-257.8806,1364.3384,3722.8308,946.25555
1677740793141.jpg,down,1448.462,919.52625,-835.1496,1512.894,830.7266,-719.9401,1558.0353,828.22845,-720.0171,1603.7974,825.08215,-720.2628,1392.6782,844.0828,-708.0696,1349.5104,850.0046,-708.45294,1306.4843,856.8339,-709.0181,1686.4768,901.4517,-216.66003,1279.0085,938.2054,-147.3932,1550.2039,1047.2141,-658.8926,1393.0863,1062.7194,-634.9415,1965.2744,1421.8961,23.52023,1092.273,1446.4498,-47.88292,2276.4565,2096.1643,-511.3863,745.65735,2066.1025,-356.6353,1734.0156,1600.9956,-914.23883,1227.2158,1603.785,-102.44289,1572.6266,1492.2051,-909.1392,1396.7838,1521.2965,-9.728834,1571.4741,1360.0554,-723.02484,1381.187,1389.3687,154.91377,1582.653,1433.4177,-819.09656,1360.7456,1459.0082,-8.253042,1797.9114,2515.1836,22.564266,1241.7434,2526.9993,-23.253296,2103.2212,3045.9119,-1593.2275,813.98645,3036.9841,-1618.385,1859.6118,3535.6577,-144.96095,1084.8733,3564.631,-138.68509,1768.2645,3603.9414,-10.13261,1200.2545,3622.6543,-2.5788262,1991.9578,3889.5298,-428.75687,929.0558,3992.6973,-389.76953
1677740793158.jpg,down,1353.2439,842.6431,-807.5728,1414.0862,746.3818,-720.264,1457.1028,741.9062,-720.2375,1500.7423,736.86346,-720.3739,1296.2258,763.1876,-706.2115,1254.7715,769.9754,-707.17377,1213.8004,777.5494,-708.2651,1583.7316,803.1895,-288.07037,1195.1218,853.0061,-222.22276,1457.7454,967.01874,-653.00775,1305.886,987.209,-627.86505,1858.1057,1319.5515,-25.150532,1021.1245,1355.7423,-93.14105,2117.4338,1978.3745,-373.97433,606.4353,1981.1008,-397.83508,1555.1466,1473.0868,-791.0251,1108.0201,1543.6586,-489.19678,1403.5315,1355.0306,-791.8902,1281.6378,1456.8314,-444.1237,1408.954,1239.7733,-674.81476,1265.6097,1328.5398,-332.06226,1422.9513,1311.8535,-725.1031,1239.7559,1400.6776,-426.28067,1722.2024,2419.155,40.743458,1190.9529,2448.3025,-41.9909,2042.7418,2898.4675,-1168.4277,819.281,2974.3464,-1313.9012,1830.5157,3432.5957,-76.680824,1088.6895,3478.2344,-107.41895,1726.4495,3524.3865,19.68593,1195.8464,3549.9111,-1.7783049,2019.3618,3779.4656,-373.23026,913.1089,3875.583,-339.1126
1677740792365.jpg,up,1466.555,794.6856,-1103.2882,1503.3846,737.55286,-981.87805,1531.658,740.0962,-982.12604,1560.3744,742.214,-982.6035,1425.4948,733.61096,-1017.4026,1394.4213,732.22076,-1017.5134,1363.2498,731.4223,-1018.086,1587.7144,797.962,-382.48105,1317.7045,782.0276,-522.6972,1514.9658,885.4333,-890.23267,1406.5406,879.8049,-929.69403,1760.4901,1236.1793,-115.01654,1103.9653,1217.5664,-215.53929,1840.2823,1764.5988,-523.4137,1039.539,1756.9948,-583.9937,1679.9612,1431.6276,-1419.3229,1277.3289,1407.9414,-1355.4061,1610.0629,1361.9315,-1585.2059,1385.1812,1341.9714,-1489.6227,1635.675,1261.2969,-1542.5996,1346.0836,1231.784,-1471.0096,1628.8136,1288.5975,-1410.7566,1344.6132,1261.109,-1342.988,1631.5027,2233.5916,49.7175,1250.9321,2233.0076,-49.229214,1696.5886,2857.5454,447.4682,1236.5798,2822.8784,386.99872,1717.4459,3308.5786,1472.86,1256.2751,3266.6577,1584.0978,1669.7413,3365.233,1546.4121,1302.2682,3321.0745,1675.5804,1850.2612,3570.2207,1017.9064,1128.8187,3539.1611,1163.1593
1677740792374.jpg,up,1631.901,802.7364,-1059.7399,1672.5787,745.62573,-955.4186,1699.403,750.432,-955.4359,1726.7354,754.7853,-955.7873,1598.9489,734.6722,-993.538,1569.0537,730.06287,-993.8507,1538.9734,725.9779,-994.4472,1747.4177,807.14026,-391.96103,1491.448,767.50183,-549.5289,1669.678,894.2726,-856.81494,1567.8367,878.8267,-901.93964,1896.3798,1243.0712,-172.03166,1246.7506,1177.2157,-280.28323,1910.5344,1792.96,-595.0384,1188.2125,1736.8201,-735.35754,1784.7141,1410.7015,-1426.4548,1429.7599,1394.3722,-1507.4615,1721.036,1321.9489,-1584.8177,1533.8376,1324.4872,-1628.542,1766.99,1230.156,-1545.0166,1495.0404,1212.466,-1613.9762,1756.8386,1261.3386,-1418.9272,1497.3018,1245.0193,-1497.1034,1731.3414,2268.5415,61.58959,1356.5027,2247.4092,-61.49875,1783.0519,2895.08,426.50198,1318.6561,2840.4236,312.55746,1799.4401,3329.5623,1385.2708,1325.7549,3280.9724,1471.1864,1752.3698,3386.1614,1455.4509,1368.9037,3342.3596,1560.2535,1921.6105,3585.7798,981.2632,1184.5769,3532.23,1090.4326
1677740792399.jpg,up,1593.62,911.28815,-1114.7125,1611.3593,860.7198,-994.88837,1632.0737,864.76434,-994.7443,1653.3154,868.58105,-995.10455,1547.8809,850.4397,-1064.2235,1519.3715,846.0811,-1064.486,1490.7128,842.4127,-1064.9055,1635.6162,913.1396,-330.19543,1417.1414,879.8654,-654.15607,1608.4789,990.32855,-869.8172,1519.3591,977.0863,-962.25574,1733.1871,1286.6417,-26.42358,1183.7831,1272.1139,-478.68607,1920.9398,1682.4839,-689.8995,1238.6298,1763.4637,-835.297,1792.9476,1396.9064,-1875.6913,1523.145,1455.389,-1241.19,1742.0345,1328.3229,-2117.8684,1636.1769,1398.275,-1361.8193,1744.6301,1259.4741,-2069.733,1589.8314,1298.222,-1361.7686,1730.3463,1294.6348,-1886.7096,1574.9395,1324.4635,-1231.6117,1639.6361,2288.6387,191.87769,1320.1084,2299.448,-190.72629,1687.9609,2838.4375,1068.1486,1268.4897,2922.3252,326.42523,1672.6312,3235.3345,2533.1338,1252.5571,3439.4375,1388.7897,1614.267,3300.17,2655.5168,1250.3844,3504.993,1464.8556,1853.2621,3442.4983,2258.3335,1257.7373,3706.5984,864.2301
1677740792412.jpg,up,1652.7235,891.30804,-1002.02814,1685.4028,839.3475,-902.1136,1708.0447,847.0106,-902.0722,1731.2114,854.38763,-902.47,1619.3431,819.3171,-960.5375,1590.3545,811.06354,-961.0058,1561.1376,803.39716,-961.4961,1719.3223,903.6107,-325.27908,1490.2461,836.2334,-594.2129,1664.8162,980.1433,-786.9354,1572.0989,953.3315,-864.40643,1798.7915,1286.3354,-45.3226,1214.2738,1228.477,-404.57373,1955.8364,1732.8262,-528.2741,1226.5463,1750.2589,-745.92633,1835.06,1434.6621,-1445.3252,1563.3867,1434.4456,-1192.3572,1781.7367,1363.4541,-1616.7095,1695.1138,1376.9009,-1282.4512,1792.3438,1282.4431,-1563.2347,1651.4171,1265.4795,-1272.7805,1778.5212,1316.4459,-1444.1373,1632.4911,1295.5745,-1176.2507,1653.1632,2281.319,144.12466,1317.3003,2282.8457,-143.65091,1682.1433,2839.9377,790.45013,1279.754,2897.3389,288.4016,1676.3232,3223.711,1908.6278,1267.0361,3381.0881,1244.1962,1618.1635,3281.1985,1998.9011,1273.7941,3438.9614,1313.4818,1836.8398,3453.147,1603.4735,1246.9569,3656.5881,783.94745
1677740792444.jpg,up,1669.2836,916.61957,-1075.3402,1653.2135,856.3638,-977.40906,1664.3046,859.4617,-976.88403,1676.0756,862.49506,-977.3091,1611.0674,849.47144,-1123.7014,1585.666,846.498,-1123.9259,1560.2313,844.2184,-1124.6223,1607.9156,905.4589,-372.4669,1460.6659,885.17773,-1023.8317,1657.1167,995.76184,-839.0883,1592.0767,986.7717,-1024.6512,1551.0391,1276.1191,244.69157,1316.5316,1295.9307,-1225.2638,1676.0287,1700.8955,40.64855,1583.4954,1796.1088,-1019.28217,1890.2233,1482.2999,-886.18396,1846.8597,1459.7588,-220.2416,1952.9192,1402.9509,-1035.8142,1925.6475,1372.2303,-253.88336,1981.8678,1359.6957,-1100.2837,1876.5898,1301.3026,-254.7544,1935.7417,1400.9474,-958.5058,1855.6031,1336.7848,-191.45253,1516.2032,2270.7803,464.11505,1382.4905,2330.1704,-463.13376,1568.4235,2799.569,1403.1567,1425.6952,2964.1794,252.9016,1526.5142,3205.2903,2647.0464,1397.7695,3505.551,1094.0905,1454.2808,3294.558,2763.5825,1317.2336,3603.2544,1164.182,1770.9957,3341.8188,2605.3667,1640.414,3690.8652,757.1646
1677740792473.jpg,up,1640.1036,961.88214,-482.7289,1595.3286,892.5471,-437.69583,1585.2529,890.88025,-437.39722,1575.5718,888.97144,-438.3574,1602.1208,897.2763,-619.92896,1591.8823,897.69244,-619.83685,1581.777,898.5707,-620.17224,1478.7273,922.1294,-143.14796,1495.0242,936.4053,-939.73926,1597.012,1033.1897,-343.17758,1594.1388,1036.8873,-571.61115,1289.423,1308.3696,406.13553,1460.6285,1340.738,-1201.5286,1543.2667,1685.2844,903.22394,1817.77,1776.3329,-839.2208,1805.5496,1467.1888,925.2188,1935.2709,1443.869,8.193149,1861.6976,1379.3889,945.40436,1984.7794,1337.6215,-60.253986,1898.5436,1347.9424,849.75916,1912.0403,1286.2935,-84.24693,1875.0208,1389.1926,866.864,1894.7378,1333.6658,15.53836,1419.5779,2303.3738,517.44165,1502.5312,2349.6816,-516.28906,1523.6361,2952.945,944.79504,1582.3647,3010.1514,90.27161,1504.9172,3547.626,1495.1542,1559.3153,3607.029,727.85236,1422.6521,3655.171,1540.9761,1470.2168,3706.133,778.9408,1785.3226,3652.6174,1415.8048,1863.737,3725.662,562.077
1677740792488.jpg,up,1769.9541,979.75146,-604.2635,1729.3641,909.51215,-543.3798,1721.82,907.138,-543.3567,1714.6969,904.6068,-544.4198,1731.8387,915.496,-723.5981,1720.4913,915.70044,-723.408,1709.1531,916.4819,-723.2724,1624.0243,936.49756,-201.18839,1623.2788,954.643,-974.45734,1731.3888,1050.8679,-455.1822,1721.4019,1056.0287,-676.5075,1455.9823,1324.8292,333.9953,1584.8331,1379.5256,-1284.9645,1753.6373,1682.7698,558.77673,1988.338,1807.7023,-910.3228,1942.8715,1435.9808,318.48016,2048.702,1438.7748,20.382536,1990.4814,1348.8142,292.0792,2098.8542,1328.8376,-47.94799,1999.5336,1315.012,245.7198,2016.7632,1277.7983,-85.21732,1973.318,1356.1144,274.40878,1997.2775,1328.1338,23.623913,1531.7974,2333.1736,513.1785,1590.3751,2389.5598,-511.92786,1612.2186,2996.3254,1014.4635,1686.1929,3061.1,225.80467,1573.4269,3545.5127,1668.9498,1679.4636,3625.5679,961.2491,1493.21,3651.2458,1728.6322,1596.1204,3727.9563,1022.053,1850.464,3652.9355,1630.2924,1966.6797,3742.6782,814.2727
1677740792517.jpg,up,1576.3842,943.5725,515.0337,1550.6176,883.48816,364.31384,1529.8342,880.1612,364.67694,1509.4017,876.9774,363.6535,1607.1877,892.0836,313.89645,1625.2422,893.09607,315.0879,1643.0011,895.02313,315.4677,1482.6384,916.3873,-138.98553,1660.8997,934.72217,-360.94354,1551.5027,1002.3292,375.1452,1604.0776,1009.8139,315.39874,1279.8033,1279.5486,-20.677893,1822.8145,1308.4946,-637.49457,1310.2958,1642.1561,1180.2222,2033.5374,1725.2335,20.235983,1559.3337,1559.9714,2611.516,2010.6683,1561.2379,1082.7092,1594.4204,1519.214,2804.7637,2034.6722,1511.2848,1157.5688,1626.0989,1504.3282,2768.5256,1980.0403,1472.0089,1149.3671,1633.6117,1524.0103,2622.8452,1961.4619,1492.992,1105.243,1453.9429,2354.8623,249.73483,1750.1964,2350.7925,-247.99904,1480.4971,2861.9397,1304.3679,1786.7891,2917.2368,660.68787,1512.6404,3403.8657,1816.8364,1769.3127,3521.5098,918.78156,1504.1267,3522.676,1878.9811,1723.8772,3643.492,956.6913,1602.908,3407.5361,2148.4656,1924.2926,3566.3848,1167.1936
1677740792529.jpg,up,1579.1185,841.03503,488.11993,1561.8054,784.80194,319.44348,1541.9027,784.46936,319.51694,1522.5974,784.1204,318.24396,1619.7749,788.7229,315.45248,1639.1296,789.9898,317.6797,1658.4125,792.0606,318.63806,1497.2831,843.40356,-218.33951,1680.2281,847.3871,-210.43799,1549.9471,909.63684,336.91544,1599.6412,910.74744,340.4996,1242.9565,1223.0354,-405.01013,1916.9476,1248.9357,-221.15381,1206.985,1768.1072,258.37387,1948.3872,1719.452,471.92627,1292.9592,2000.5553,1270.689,1823.0312,1675.6987,1726.8353,1292.9353,2069.4683,1403.0725,1810.1603,1671.9725,1891.5107,1299.5537,2051.9626,1383.4486,1760.1082,1646.8999,1920.9171,1326.0149,2030.3282,1281.9497,1751.3662,1657.0017,1759.2866,1336.8889,2306.7104,-8.011096,1738.3668,2294.7266,11.6988735,1262.4448,2835.607,1096.0099,1800.7576,2827.81,1134.254,1281.9246,3399.5703,1366.0078,1793.308,3365.3303,1024.4816,1301.4456,3524.8225,1397.9949,1769.224,3490.7126,1030.178,1229.9457,3383.411,1640.1971,1807.7467,3374.5107,1325.4851
1677740792541.jpg,up,1399.0776,952.7185,520.53735,1379.6094,897.13275,362.65768,1361.1566,898.04517,362.747,1343.456,899.07465,362.08157,1435.9956,897.4389,376.0897,1455.2274,897.75183,377.8638,1474.7904,898.8819,378.76318,1327.1681,966.61725,-225.47418,1506.3699,961.6429,-127.18567,1378.3511,1030.1929,341.86877,1424.5862,1028.8723,368.89658,1120.6377,1386.6912,-514.9942,1755.4745,1386.3191,-258.28055,1126.3345,1922.2054,-188.14627,1761.8624,1895.9601,68.93561,1186.5316,2203.5012,376.16602,1644.0947,2118.6145,809.41925,1175.2358,2292.4385,389.93262,1621.447,2186.1582,912.42957,1187.9257,2267.0361,387.8345,1586.9996,2180.56,917.2755,1214.7153,2234.5166,376.74707,1578.2621,2157.52,823.08545,1230.7161,2458.3262,-37.57003,1612.5717,2435.2283,42.91822,1150.637,2975.2637,1213.8461,1649.1967,2935.4817,1341.0225,1146.5906,3501.7283,1813.749,1640.1265,3432.1123,1684.7603,1163.1085,3625.4836,1871.7828,1616.4374,3558.9631,1734.3435,1092.9968,3457.57,2084.1243,1636.9479,3408.3286,2011.6042
1677740792550.jpg,up,1444.174,804.4401,688.9661,1424.4889,753.31476,527.2006,1403.6713,755.2609,527.1863,1383.495,757.08673,526.07477,1486.6542,750.3444,541.1845,1508.0933,749.0712,543.1136,1529.6813,748.58154,543.73865,1366.779,818.14703,-86.894005,1564.4894,801.4902,13.158947,1418.1869,876.8147,499.73965,1472.2234,870.76794,528.269,1183.906,1225.5944,-430.92697,1791.0787,1196.0576,-26.971285,1181.4114,1750.9098,45.34581,1798.6766,1665.1931,521.1825,1242.2783,1974.5814,832.6275,1668.9888,1697.0148,1492.1093,1233.9001,2048.9827,894.95374,1644.4917,1714.927,1626.4819,1243.6407,2022.6821,891.79755,1601.022,1699.6434,1631.0298,1268.3867,1990.1655,840.8509,1597.9078,1694.9633,1504.3636,1295.0979,2248.028,-83.87951,1660.7577,2210.9294,88.560905,1213.6599,2780.724,998.7367,1709.8254,2728.263,1256.752,1219.4869,3320.148,1293.5167,1725.374,3234.9304,1135.2274,1246.1266,3433.101,1326.7816,1718.8895,3350.5273,1135.9401,1122.8734,3315.6313,1496.593,1685.5859,3247.2798,1379.5492
1677740792559.jpg,up,1601.2493,976.8453,449.15485,1581.0012,916.76404,253.06119,1562.673,916.47565,252.6725,1544.9117,916.37836,251.6565,1638.1453,917.1054,286.9691,1658.6597,916.0515,288.75595,1679.0072,916.013,288.7273,1541.0853,967.03436,-395.7564,1718.3618,959.22974,-213.15767,1587.7919,1041.0238,255.07935,1636.3573,1039.7058,311.03525,1400.8788,1347.4537,-628.69415,1941.8488,1334.0795,-183.16109,1259.4811,1663.122,266.90912,1895.182,1746.266,597.8444,1379.6755,1539.7507,1684.9823,1742.5852,1695.1924,1535.5695,1378.0734,1515.2843,1802.649,1711.1387,1687.6078,1679.3488,1416.5624,1477.2864,1790.3691,1686.1824,1662.3956,1630.2887,1436.1477,1487.3661,1698.9961,1693.1427,1666.3075,1532.3619,1504.245,2441.0881,-139.10382,1823.0168,2386.54,141.96394,1476.7267,2943.45,1055.5542,1858.1547,2883.0437,1539.5046,1476.9165,3494.1892,1777.1582,1855.91,3378.2166,2121.7317,1504.3784,3616.1128,1854.2928,1847.1133,3495.0417,2194.7244,1395.2611,3466.5798,1984.2596,1818.8798,3388.5552,2429.1008
1677740792572.jpg,up,1603.1134,926.5503,389.51492,1592.409,871.12305,193.19339,1573.8466,871.0903,192.59367,1555.9526,871.2363,191.63333,1651.4613,872.9268,231.99336,1672.9039,872.75336,233.5388,1694.1892,873.5876,233.50163,1549.8997,926.0654,-435.40555,1734.8282,922.91284,-234.75891,1580.8287,993.0495,200.45958,1631.1716,991.4092,260.44235,1393.0565,1316.836,-692.99194,1893.5537,1321.0703,-155.04128,1173.5175,1595.497,135.93546,1731.1841,1678.6982,521.51636,1288.6891,1388.7643,1469.6467,1513.4397,1544.1527,1133.1434,1285.6392,1341.5265,1553.0001,1463.7142,1517.4968,1234.9628,1327.2012,1298.4474,1535.4393,1445.115,1485.2407,1181.7174,1344.4401,1319.1592,1476.8503,1464.0745,1495.59,1119.4266,1488.2954,2385.153,-159.29807,1788.9143,2345.2056,162.60829,1464.6532,2899.1245,840.6787,1836.9838,2835.4963,1586.4995,1435.1295,3447.257,1372.1029,1840.5504,3294.198,2228.1152,1456.0184,3563.9648,1430.3732,1828.0254,3398.4763,2307.8743,1346.1117,3429.1587,1519.2831,1804.486,3308.3804,2538.1396
1677740792581.jpg,up,1665.9075,971.5795,352.66626,1659.2875,915.92706,170.27516,1643.9086,915.4403,169.99962,1629.1348,915.1435,169.16452,1710.5431,918.79834,210.15027,1729.782,919.3319,211.32137,1749.0333,920.72437,211.3618,1627.5281,969.6264,-388.07962,1789.8024,970.7016,-189.7803,1649.2867,1038.5967,190.81801,1692.9174,1038.592,249.11267,1437.0171,1344.8678,-608.6687,1983.966,1360.073,-113.437904,1218.247,1626.5865,179.66084,1845.8898,1710.0756,408.3555,1371.6012,1454.3108,1459.1118,1640.7816,1551.0886,970.51575,1385.2717,1417.0404,1556.2495,1601.5881,1512.3839,1066.4385,1424.9103,1376.3484,1538.3998,1570.4994,1480.6665,1029.7705,1440.9103,1397.2173,1466.4222,1580.1621,1501.6189,963.53265,1519.0541,2418.8496,-155.55754,1838.5605,2401.6196,159.05519,1493.2065,2946.4905,607.52856,1892.3754,2931.551,1350.1465,1455.4528,3511.6633,848.2716,1886.3136,3409.1406,1677.8807,1475.5271,3632.4788,875.71716,1875.0154,3516.9797,1725.977,1360.7471,3494.7275,981.1343,1849.4425,3414.871,1948.9753
1677740792594.jpg,up,1401.2957,852.06354,28.735237,1408.7826,788.2824,-180.0541,1407.6216,788.51166,-180.61682,1407.1624,788.9233,-180.49677,1437.509,782.0455,-38.075893,1453.6146,778.5237,-37.42645,1470.139,775.7452,-38.5646,1462.7462,824.682,-792.7544,1545.3086,804.50476,-142.95476,1424.9663,922.6348,-151.98734,1446.1917,916.33704,38.193214,1437.4591,1212.8984,-1111.996,1843.353,1145.4653,190.79565,1089.8898,1580.7738,-544.0116,1672.9501,1548.6868,1014.6722,1134.7343,1271.8043,463.6601,1415.3922,1462.3375,1862.7881,1118.0629,1190.4948,418.25186,1349.316,1424.773,2010.8196,1171.4756,1142.1045,402.31137,1344.1237,1403.1102,1933.2887,1199.848,1179.9949,468.92838,1369.2358,1424.8103,1838.2731,1507.3339,2186.6633,-426.7773,1743.5479,2139.9683,429.3155,1478.7557,2794.6794,396.74265,1736.9777,2728.0244,1331.2825,1456.599,3384.276,1092.1036,1757.5933,3220.0398,2104.7402,1508.4037,3496.3645,1159.6133,1801.0758,3322.32,2191.9692,1223.8931,3431.0168,1129.5002,1562.7106,3261.5527,2254.3328
1677740792639.jpg,up,1353.2345,976.0388,-549.4735,1398.2134,915.7356,-697.0866,1409.7605,918.4363,-697.2238,1421.7986,921.06415,-697.2614,1394.966,906.68616,-526.60156,1399.6008,902.61163,-526.40924,1404.3821,899.03735,-527.00964,1505.3274,964.381,-1037.3984,1482.1824,930.7346,-259.40515,1394.7574,1055.9602,-653.34564,1379.6069,1043.7826,-426.01678,1531.4183,1383.1057,-1321.5107,1614.7268,1263.9032,259.12537,1108.4492,1756.7859,-1027.1493,1369.0273,1595.4883,553.1161,1019.2866,1427.1224,-196.07803,1155.9167,1419.9204,325.29535,975.8356,1336.7026,-257.0697,1104.6063,1344.9525,296.6006,1041.6141,1297.647,-281.66498,1097.4869,1307.7858,245.56587,1076.2178,1337.4023,-190.14258,1120.333,1351.2828,275.06256,1490.1232,2295.9844,-507.708,1537.488,2215.0774,509.81467,1471.4175,2903.1826,110.65663,1519.8582,2797.4395,1082.0793,1500.0062,3486.2686,698.8169,1566.9563,3309.2197,1676.3756,1566.2325,3582.316,745.0348,1627.8462,3408.8179,1734.0126,1263.1119,3611.2793,476.03488,1330.717,3392.0642,1584.348
1677740792647.jpg,up,1185.9827,820.89557,-558.5313,1247.7222,734.2343,-697.78296,1267.4869,727.94464,-698.12616,1288.037,721.4817,-698.2372,1227.3003,748.7153,-511.78632,1228.0342,751.6148,-511.61188,1228.242,755.23303,-512.125,1415.8727,743.4601,-974.85626,1333.9989,780.36084,-106.630356,1265.5259,890.6311,-634.0941,1232.0076,905.48254,-382.58463,1642.5172,1169.0908,-1273.6968,1363.1001,1208.915,355.9635,1198.5106,1579.3644,-1272.9823,1071.7418,1678.2667,738.4915,844.4608,1277.7949,-1079.9224,799.7464,1803.1404,493.6431,740.7378,1203.4686,-1242.1365,723.16833,1834.3363,469.8728,787.8717,1137.3108,-1263.0084,753.8252,1788.2004,351.933,834.739,1175.3859,-1086.5905,797.36743,1781.5137,422.84515,1558.6871,2319.1353,-521.6557,1405.3685,2282.2383,523.80536,1560.2941,3008.039,150.30914,1458.3339,2957.899,1100.1125,1573.8708,3595.674,952.15094,1565.8136,3461.9556,1910.4175,1650.5704,3691.5283,1014.2861,1652.0406,3557.505,1983.3984,1308.7118,3816.9407,642.29315,1302.49,3651.7708,1734.3566
1677740792656.jpg,up,1331.1997,970.714,-457.53842,1380.767,879.7684,-596.8611,1400.4807,874.3988,-596.93945,1420.6718,869.14124,-597.0793,1361.1469,888.6341,-420.9931,1360.9078,889.3423,-420.84195,1360.8625,890.71356,-420.82443,1539.6543,892.8568,-930.50464,1464.6715,914.0136,-109.230255,1413.3315,1044.163,-547.466,1378.3978,1053.9613,-309.40384,1646.015,1323.5737,-1178.4796,1684.438,1313.2399,259.15054,1214.0128,1764.0248,-1089.1141,1554.9692,1872.1674,582.6315,980.3998,1405.947,-647.3061,1364.0302,2023.822,419.8375,898.6717,1321.8605,-756.8442,1320.8041,2060.5981,435.38376,957.0786,1252.3759,-745.604,1319.7446,2022.5117,341.4321,1003.0856,1298.9957,-633.8562,1345.0354,2019.5365,368.92755,1600.4421,2474.9255,-452.32327,1620.0509,2405.696,455.6425,1618.1631,3189.8076,114.89794,1628.1631,3092.0215,935.89856,1652.7554,3800.9802,772.41406,1699.6466,3628.7212,1660.3969,1718.9592,3901.689,826.37476,1772.0881,3729.8372,1730.9336,1425.813,3979.3142,608.3278,1462.818,3780.249,1630.4227
1677740792664.jpg,up,1414.2782,883.26135,-690.74677,1465.0292,802.6412,-830.1689,1483.9818,800.00006,-830.2947,1503.5944,797.24493,-830.68335,1445.6285,805.7475,-654.20026,1443.9227,804.2959,-653.9338,1441.9568,803.57635,-654.174,1614.4463,822.03174,-1086.7456,1534.9243,824.37885,-253.87291,1485.6503,953.9963,-764.3838,1450.3618,955.8301,-522.06396,1794.8225,1264.6425,-1301.0516,1610.5704,1183.3593,177.72864,1364.506,1716.8685,-1099.208,1380.7656,1619.1232,269.49896,1111.5352,1422.3496,-482.23566,1161.5679,1430.8868,-370.35327,1028.5702,1349.8751,-546.9131,1109.9344,1358.9149,-465.85388,1086.1377,1296.953,-600.2916,1096.0391,1299.1809,-488.04376,1123.422,1326.7899,-487.69385,1137.43,1340.9993,-416.20468,1674.7153,2364.1333,-482.41406,1569.0599,2271.2214,484.11252,1692.4962,3041.4436,265.3943,1581.1788,2808.7957,1462.0393,1728.6995,3607.7017,1037.0034,1656.7732,3259.2112,2396.4065,1797.2471,3693.9714,1105.4861,1730.2108,3361.093,2492.7622,1471.5408,3809.0872,771.76337,1389.622,3381.693,2334.314
1677740792675.jpg,up,1477.653,888.025,-839.9612,1535.2614,808.32446,-948.83636,1557.852,808.90656,-949.29083,1580.9807,809.4097,-949.5417,1504.5314,803.8863,-794.8629,1498.3378,800.42267,-794.35114,1492.0164,797.56,-794.5734,1687.4884,847.04767,-1099.6342,1572.9166,825.25323,-377.49463,1550.5078,969.31085,-870.9396,1498.5066,961.993,-660.50366,1795.0338,1313.8757,-1288.1417,1704.8785,1180.2306,71.87037,1342.5763,1804.1609,-990.75354,1478.5897,1622.5555,425.472,1144.1377,1430.3577,-346.42322,1231.8652,1519.648,196.75356,1063.4918,1346.786,-424.03806,1178.8802,1480.7634,160.2957,1135.0255,1273.0543,-467.97305,1166.0142,1418.7502,94.57098,1175.4347,1307.0586,-347.8288,1202.157,1449.4321,148.71413,1708.9265,2396.643,-460.59045,1660.8613,2298.4727,463.24768,1715.986,3073.6475,325.75293,1688.7479,2884.0566,1339.0645,1740.1537,3650.6826,1160.8652,1751.1711,3317.2747,2225.5435,1804.6368,3749.9297,1235.4316,1812.5198,3417.593,2322.8716,1491.5947,3811.9592,963.65643,1511.0957,3408.2363,2189.9688
1677740792687.jpg,up,1536.1034,1081.404,-1376.453,1560.8525,1026.2991,-1263.4498,1583.2769,1030.665,-1263.4396,1606.1543,1034.7351,-1263.7109,1494.3242,1014.7921,-1319.0806,1465.0682,1009.8393,-1319.338,1435.6124,1005.4693,-1319.8234,1597.5187,1078.4897,-603.36804,1366.808,1039.4814,-865.40936,1555.7365,1163.6051,-1129.9238,1463.057,1147.9829,-1204.2214,1721.4338,1448.2439,-267.64145,1106.4182,1438.9696,-547.5707,1915.0912,1895.628,-895.4934,1098.6827,1938.8269,-896.2564,1730.1354,1619.3365,-2135.7974,1361.8578,1659.4214,-1526.5822,1648.233,1573.8783,-2387.8232,1478.7244,1620.8851,-1663.8317,1652.958,1480.4607,-2338.8445,1436.5818,1506.1493,-1672.4434,1646.5355,1511.3363,-2140.5615,1425.9143,1525.699,-1521.9862,1604.3746,2426.7227,131.53287,1244.1403,2445.5151,-130.94028,1695.449,2993.768,929.28235,1207.0642,3079.1965,306.4141,1677.403,3392.248,2378.439,1188.8458,3560.2268,1615.7538,1609.5414,3452.5808,2497.2126,1206.9265,3615.6255,1713.7413,1871.2769,3628.0408,2055.4375,1144.3087,3843.587,1135.5624
1677740792697.jpg,up,1536.0873,1042.6123,-1468.8403,1548.7518,993.49426,-1341.3256,1568.4355,996.95715,-1341.1447,1588.5216,1000.0912,-1341.344,1486.5739,985.5349,-1410.7003,1458.4204,982.2705,-1410.989,1430.1388,979.609,-1411.3063,1570.6768,1043.9198,-649.325,1356.9266,1017.65753,-974.5069,1552.1881,1123.1074,-1214.6664,1466.4934,1112.2933,-1306.9141,1712.3461,1430.0146,-299.87024,1109.5594,1427.609,-671.28845,1909.2683,1879.2874,-957.6036,1088.7828,1935.7041,-1098.1097,1715.9314,1613.0917,-2205.8071,1378.0549,1652.9403,-1726.8734,1635.3245,1562.9552,-2460.2854,1499.3827,1611.6333,-1871.1716,1638.1549,1477.3827,-2396.911,1460.448,1500.0903,-1853.801,1633.492,1507.977,-2204.4468,1447.4093,1520.9138,-1709.3214,1614.9391,2377.758,151.93906,1258.3182,2395.1436,-151.40193,1691.5017,2956.12,898.0883,1209.5038,3030.8027,178.92897,1709.1858,3358.8777,2352.8757,1207.5881,3520.8704,1510.2461,1654.8265,3427.3396,2469.2163,1231.6731,3581.4207,1605.4214,1897.4801,3579.1555,2018.3792,1149.2249,3800.2236,1003.0468
1677740792706.jpg,up,1407.8458,1121.8322,-1180.6715,1453.9304,1062.6643,-1090.2874,1480.6965,1061.4565,-1090.3815,1507.9989,1059.9753,-1090.7007,1387.4839,1066.4073,-1045.8922,1364.5199,1066.98,-1045.8514,1341.2898,1068.2916,-1046.1709,1571.3884,1096.119,-542.31683,1343.7247,1101.0609,-315.0374,1471.7875,1189.316,-978.6566,1383.345,1192.8306,-912.9347,1765.3778,1471.4078,-311.61108,1187.2563,1439.4869,151.94908,1759.746,1925.8103,-893.9859,1036.1357,1850.5931,-246.31613,1500.9949,1670.3779,-1712.3351,1236.2213,1650.0819,-1303.1498,1416.3113,1616.3833,-1933.1714,1306.982,1614.6923,-1530.5432,1437.4563,1541.0116,-1881.6022,1311.3698,1541.3163,-1521.313,1445.3892,1557.5759,-1697.0668,1312.4012,1557.3961,-1318.7225,1572.9576,2423.0854,-84.3451,1238.429,2388.77,85.5328,1658.5175,2976.0637,403.67188,1197.4147,2914.115,651.333,1670.365,3423.266,1889.3164,1191.3344,3326.9983,2146.1045,1628.1089,3477.9724,2009.3354,1243.9459,3390.4243,2265.6646,1776.7339,3664.588,1429.0848,1024.8475,3558.3862,1710.0873
1677740792715.jpg,up,1402.011,1074.8364,-1084.0815,1447.7402,1017.156,-999.5195,1474.5552,1016.0281,-999.75415,1501.9238,1014.58575,-1000.0124,1381.4708,1021.3666,-967.7264,1358.2101,1022.2677,-967.7183,1334.6924,1023.84546,-968.1944,1566.0277,1052.5226,-490.57822,1335.3674,1058.977,-325.17648,1466.7783,1143.9829,-896.7894,1377.1644,1148.0084,-848.26825,1763.2891,1419.6807,-264.2798,1179.7428,1403.978,76.046524,1780.3071,1862.2599,-734.99347,1054.1171,1833.3352,-213.8426,1517.8336,1638.3678,-1532.9325,1225.2715,1632.6437,-1134.4554,1428.9419,1601.0972,-1718.433,1303.1508,1606.2888,-1322.4175,1439.7705,1515.0535,-1691.9603,1295.0149,1511.8883,-1338.9651,1448.3514,1529.185,-1523.2701,1295.2295,1527.1761,-1151.7172,1572.4487,2375.1985,-50.678864,1232.8754,2347.1492,51.67532,1660.5157,2939.9312,336.0995,1185.8088,2882.6975,510.88617,1678.884,3391.496,1528.988,1208.9519,3314.2551,1696.156,1635.2438,3447.1106,1617.9735,1266.1251,3375.826,1785.323,1791.2915,3637.444,1080.5493,1051.4148,3561.3408,1263.6223
1677740792725.jpg,up,1493.7595,1089.0115,-1029.64,1533.989,1037.7632,-918.96936,1558.7452,1040.4078,-919.2176,1584.0349,1042.651,-919.50214,1464.7445,1031.8608,-935.5872,1438.6686,1028.9485,-935.6034,1412.4614,1026.7041,-935.9377,1616.19,1083.2292,-318.4719,1377.9773,1058.5863,-386.95828,1535.6222,1164.1996,-808.4439,1443.9125,1155.4331,-828.1171,1783.4585,1451.7134,-76.76153,1168.1913,1417.2367,-49.33739,1887.9937,1889.1952,-545.50684,1032.41,1848.7819,-310.62155,1618.5134,1661.2595,-1261.037,1316.1093,1645.0428,-809.2643,1530.8237,1611.6445,-1434.7582,1421.0844,1618.9406,-924.81555,1530.9675,1539.0709,-1350.0476,1409.7771,1528.822,-915.0365,1537.7115,1562.2161,-1230.3365,1397.8538,1547.9869,-796.8011,1630.5703,2391.1284,30.593056,1271.0167,2373.3396,-29.894346,1682.3027,2960.363,437.41235,1211.0818,2921.801,342.80933,1676.2455,3369.418,1700.0542,1219.8558,3337.501,1676.1237,1625.1755,3425.3564,1801.3712,1272.8472,3396.6157,1784.5774,1804.0693,3602.4795,1322.0297,1059.8141,3580.1287,1307.3517
1677740792731.jpg,up,1452.2263,1136.3165,-1364.7461,1489.9608,1087.7783,-1230.0791,1515.0901,1089.6406,-1230.1584,1540.6643,1091.2094,-1230.5425,1420.0692,1084.8533,-1246.3708,1393.7977,1083.4624,-1246.2961,1367.3687,1082.8268,-1246.4512,1574.4647,1138.4535,-516.30585,1334.1202,1123.5508,-576.5982,1498.4324,1212.005,-1104.4493,1403.8726,1206.8845,-1121.6328,1743.9727,1519.4417,-205.81627,1132.2485,1492.3275,-209.755,1834.0044,1959.8906,-930.6782,1023.83734,1904.5312,-717.54095,1586.8079,1713.6517,-2065.4512,1270.0698,1686.623,-1731.4341,1506.289,1663.0248,-2329.1921,1360.5516,1657.0378,-1964.9229,1511.5249,1587.4077,-2266.6218,1353.2589,1572.0239,-1960.0367,1513.3456,1608.596,-2057.7014,1347.2689,1589.9503,-1738.4423,1578.4806,2466.1553,30.689898,1228.7815,2447.8489,-29.251202,1607.8466,3007.0806,771.68756,1153.6229,2989.5742,583.0497,1594.3208,3418.0093,2441.3381,1139.575,3420.146,2249.499,1539.28,3480.036,2577.9558,1189.5875,3482.812,2386.9219,1746.702,3630.9995,2038.6185,971.7017,3661.155,1829.4144
